Epoch,Loss train,Loss val,Deviation train,Deviation val
0,0.021448441090122346,0.0189603163350013,0.6649016737937927,0.5877698063850403
